customer_id,total_revenue,total_purchases,average_purchase_value,purchase_frequency,first_rental_date,last_rental_date,customer_lifespan,clv,customer_name
1,114.7,30,3.8233333333333333,24.36727879799666,2005-05-25 11:30:37,2005-08-22 20:03:46,0.2438,22.71,Mary Smith
2,123.74000000000001,26,4.759230769230769,24.36727879799666,2005-05-27 00:09:24,2005-08-23 17:39:35,0.2411,27.96,Patricia Johnson
3,130.76,24,5.448333333333333,24.36727879799666,2005-05-27 17:17:09,2005-08-23 07:10:14,0.2384,31.65,Linda Williams
4,81.78,22,3.7172727272727273,24.36727879799666,2005-06-15 09:31:28,2005-08-23 07:43:00,0.1863,16.88,Barbara Jones
5,134.65,35,3.8471428571428574,24.36727879799666,2005-05-29 07:25:16,2006-02-14 15:16:03,0.7151,67.04,Elizabeth Brown
6,84.75,25,3.39,24.36727879799666,2005-05-25 08:43:32,2005-08-23 06:41:32,0.2438,20.14,Jennifer Davis
7,130.72,28,4.668571428571428,24.36727879799666,2005-05-25 06:04:08,2005-08-21 04:49:48,0.2384,27.12,Maria Miller
8,85.77000000000001,23,3.729130434782609,24.36727879799666,2005-05-30 03:43:54,2005-08-23 14:31:19,0.2329,21.16,Susan Wilson
9,78.80000000000001,20,3.9400000000000004,24.36727879799666,2005-05-27 05:01:28,2006-02-14 15:16:03,0.7205,69.17,Margaret Moore
10,94.76,24,3.9483333333333337,24.36727879799666,2005-05-31 19:36:30,2005-08-22 21:59:29,0.2274,21.88,Dorothy Taylor
11,99.77000000000001,23,4.337826086956523,24.36727879799666,2005-05-30 22:59:12,2006-02-14 15:16:03,0.7096,75.01,Lisa Anderson
12,93.74000000000001,26,3.6053846153846156,24.36727879799666,2005-05-30 23:08:03,2005-08-23 20:28:44,0.2301,20.22,Nancy Thomas
13,131.73000000000002,27,4.8788888888888895,24.36727879799666,2005-06-17 06:54:42,2005-08-22 20:51:24,0.1808,21.49,Karen Jackson
14,96.77000000000001,23,4.207391304347826,24.36727879799666,2005-05-26 00:37:28,2006-02-14 15:16:03,0.7233,74.15,Betty White
15,134.68,32,4.20875,24.36727879799666,2005-06-18 21:26:56,2006-02-14 15:16:03,0.6575,67.43,Helen Harris
16,109.75,25,4.39,24.36727879799666,2005-05-27 03:07:10,2005-08-21 14:45:34,0.2356,25.2,Sandra Martin
17,87.82000000000001,18,4.8788888888888895,24.36727879799666,2005-05-26 19:44:54,2005-08-23 12:41:38,0.2411,28.66,Donna Thompson
18,78.81,19,4.1478947368421055,24.36727879799666,2005-05-25 06:44:53,2005-08-20 01:29:29,0.2356,23.81,Carol Garcia
19,98.82000000000001,18,5.49,24.36727879799666,2005-05-25 01:10:47,2005-08-23 03:46:47,0.2466,32.99,Ruth Martinez
20,103.73,27,3.841851851851852,24.36727879799666,2005-05-26 07:27:36,2005-08-23 01:10:42,0.2411,22.57,Sharon Robinson
21,146.68,32,4.58375,24.36727879799666,2005-05-26 15:42:20,2006-02-14 15:16:03,0.7205,80.48,Michelle Clark
22,94.81,19,4.99,24.36727879799666,2005-05-27 07:49:43,2006-02-14 15:16:03,0.7205,87.61,Laura Rodriguez
23,106.73,27,3.952962962962963,24.36727879799666,2005-05-25 21:20:03,2006-02-14 15:16:03,0.7233,69.67,Sarah Lewis
24,85.77000000000001,23,3.729130434782609,24.36727879799666,2005-05-31 01:02:28,2005-08-22 21:28:59,0.2274,20.66,Kimberly Lee
25,104.73,27,3.878888888888889,24.36727879799666,2005-05-25 14:31:25,2005-08-23 20:00:30,0.2466,23.31,Deborah Walker
26,146.68,32,4.58375,24.36727879799666,2005-05-29 16:59:44,2005-08-23 11:16:29,0.2329,26.01,Jessica Hall
27,123.7,30,4.123333333333333,24.36727879799666,2005-05-29 16:03:03,2005-08-22 10:00:04,0.2301,23.12,Shirley Allen
28,105.7,30,3.5233333333333334,24.36727879799666,2005-05-27 10:37:27,2006-02-14 15:16:03,0.7205,61.86,Cynthia Young
29,138.65,35,3.9614285714285717,24.36727879799666,2005-05-26 06:52:33,2006-02-14 15:16:03,0.7233,69.82,Angela Hernandez
30,123.66000000000001,34,3.637058823529412,24.36727879799666,2005-06-17 02:39:20,2005-08-23 15:17:14,0.1836,16.27,Melissa King
31,104.74000000000001,26,4.0284615384615385,24.36727879799666,2005-06-16 10:05:40,2005-08-23 14:58:06,0.1863,18.29,Brenda Wright
32,112.74000000000001,26,4.336153846153847,24.36727879799666,2005-05-27 23:00:25,2005-08-21 16:32:32,0.2329,24.61,Amy Lopez
33,88.8,20,4.4399999999999995,24.36727879799666,2005-05-26 02:28:36,2006-02-14 15:16:03,0.7233,78.25,Anna Hill
34,89.76,24,3.74,24.36727879799666,2005-06-17 04:29:58,2005-08-21 20:54:32,0.1781,16.23,Rebecca Scott
35,118.7,30,3.9566666666666666,24.36727879799666,2005-05-25 06:05:20,2005-08-21 22:25:09,0.2411,23.25,Virginia Green
36,90.75,25,3.63,24.36727879799666,2005-05-27 04:53:11,2005-08-23 08:42:40,0.2411,21.33,Kathleen Adams
37,91.79,21,4.370952380952382,24.36727879799666,2005-05-25 03:21:20,2005-08-23 22:08:04,0.2466,26.26,Pamela Baker
38,127.66000000000001,34,3.7547058823529413,24.36727879799666,2005-06-15 05:55:40,2005-08-23 11:55:50,0.189,17.29,Martha Gonzalez
39,141.71,29,4.886551724137932,24.36727879799666,2005-06-16 07:49:08,2005-08-22 12:51:38,0.1836,21.86,Debra Nelson
40,105.74000000000001,26,4.066923076923077,24.36727879799666,2005-05-25 21:19:53,2005-08-22 16:06:49,0.2411,23.89,Amanda Carter
41,118.75,25,4.75,24.36727879799666,2005-06-19 03:24:17,2006-02-14 15:16:03,0.6575,76.1,Stephanie Mitchell
42,111.71000000000001,29,3.8520689655172418,24.36727879799666,2005-05-28 17:46:57,2006-02-14 15:16:03,0.7151,67.12,Carolyn Perez
43,89.78,22,4.080909090909091,24.36727879799666,2005-05-25 20:26:42,2006-02-14 15:16:03,0.7233,71.93,Christine Roberts
44,101.79,21,4.847142857142858,24.36727879799666,2005-05-25 03:47:12,2006-02-14 15:16:03,0.726,85.75,Marie Turner
45,124.74000000000001,26,4.797692307692308,24.36727879799666,2005-05-26 17:32:11,2005-08-23 22:13:04,0.2438,28.5,Janet Phillips
46,131.69,31,4.248064516129032,24.36727879799666,2005-05-27 12:57:55,2005-08-23 12:47:26,0.2384,24.68,Catherine Campbell
47,92.81,19,4.884736842105263,24.36727879799666,2005-05-26 03:46:26,2005-08-23 15:39:18,0.2438,29.02,Frances Parker
48,67.86,14,4.847142857142857,24.36727879799666,2005-05-25 10:52:13,2005-08-22 17:27:23,0.2438,28.8,Ann Evans
49,116.76,24,4.865,24.36727879799666,2005-05-25 16:32:19,2005-08-21 20:02:18,0.2411,28.58,Joyce Edwards
50,144.70000000000002,30,4.823333333333334,24.36727879799666,2005-05-29 11:32:15,2005-08-23 21:25:03,0.2356,27.69,Diane Collins
51,123.7,30,4.123333333333333,24.36727879799666,2005-05-25 19:37:02,2005-08-22 04:31:50,0.2411,24.22,Alice Stewart
52,106.72,28,3.8114285714285714,24.36727879799666,2005-05-30 05:36:21,2006-02-14 15:16:03,0.7123,66.15,Julie Sanchez
53,88.76,24,3.6983333333333337,24.36727879799666,2005-05-25 14:13:54,2006-02-14 15:16:03,0.726,65.43,Heather Morris
54,114.74000000000001,26,4.413076923076924,24.36727879799666,2005-05-26 07:03:49,2005-08-23 05:20:36,0.2411,25.93,Teresa Rogers
55,84.81,19,4.463684210526316,24.36727879799666,2005-05-28 08:31:14,2005-08-22 19:37:20,0.2356,25.63,Doris Reed
56,115.74000000000001,26,4.451538461538462,24.36727879799666,2005-05-25 21:21:56,2006-02-14 15:16:03,0.7233,78.46,Gloria Cook
57,99.74000000000001,26,3.8361538461538465,24.36727879799666,2005-05-26 00:41:10,2005-08-23 16:24:24,0.2438,22.79,Evelyn Morgan
58,105.76,24,4.406666666666667,24.36727879799666,2005-05-26 11:31:50,2006-02-14 15:16:03,0.7233,77.67,Jean Bell
59,119.76,24,4.99,24.36727879799666,2005-05-26 08:34:41,2005-08-23 17:33:04,0.2438,29.64,Cheryl Murphy
60,88.78,22,4.035454545454545,24.36727879799666,2005-05-26 23:37:39,2006-02-14 15:16:03,0.7205,70.85,Mildred Bailey
61,57.870000000000005,13,4.451538461538462,24.36727879799666,2005-05-31 22:47:45,2005-08-23 09:35:34,0.2274,24.67,Katherine Rivera
62,78.79,21,3.751904761904762,24.36727879799666,2005-05-30 06:54:28,2005-08-23 06:11:52,0.2301,21.04,Joan Cooper
63,112.75,25,4.51,24.36727879799666,2005-06-16 21:30:34,2005-08-22 17:30:25,0.1808,19.87,Ashley Richardson
64,91.7,30,3.0566666666666666,24.36727879799666,2005-05-28 00:39:31,2006-02-14 15:16:03,0.7178,53.46,Judith Cox
65,97.80000000000001,20,4.890000000000001,24.36727879799666,2005-05-26 20:33:20,2005-08-21 09:08:51,0.2356,28.07,Rose Howard
66,139.67000000000002,33,4.232424242424243,24.36727879799666,2005-05-30 13:08:45,2005-08-23 06:23:26,0.2301,23.73,Janice Ward
67,86.80000000000001,20,4.340000000000001,24.36727879799666,2005-05-27 02:22:26,2005-08-22 11:19:22,0.2384,25.21,Kelly Torres
68,94.78,22,4.308181818181819,24.36727879799666,2005-06-16 22:04:34,2005-08-23 03:36:26,0.1836,19.27,Nicole Peterson
69,89.77000000000001,23,3.90304347826087,24.36727879799666,2005-05-28 11:49:00,2006-02-14 15:16:03,0.7178,68.27,Judy Gray
70,75.83,17,4.460588235294118,24.36727879799666,2005-05-31 06:24:44,2005-08-23 07:06:38,0.2301,25.01,Christina Ramirez
71,116.72,28,4.168571428571428,24.36727879799666,2005-05-26 07:11:58,2005-08-23 20:44:36,0.2438,24.76,Kathy James
72,88.73,27,3.2862962962962965,24.36727879799666,2005-05-29 15:08:41,2005-08-22 13:57:55,0.2301,18.43,Theresa Watson
73,89.78,22,4.080909090909091,24.36727879799666,2005-05-25 10:15:23,2006-02-14 15:16:03,0.726,72.19,Beverly Brooks
74,96.74000000000001,26,3.720769230769231,24.36727879799666,2005-05-31 16:37:36,2005-08-23 22:26:47,0.2301,20.86,Denise Kelly
75,149.61,39,3.8361538461538465,24.36727879799666,2005-05-26 04:46:23,2006-02-14 15:16:03,0.7233,67.61,Tammy Sanders
76,74.79,21,3.561428571428572,24.36727879799666,2005-05-28 10:44:28,2005-08-23 05:17:23,0.2356,20.45,Irene Price
77,85.77000000000001,23,3.729130434782609,24.36727879799666,2005-05-26 23:52:13,2005-08-22 21:34:00,0.2384,21.66,Jane Bennett
78,141.69,31,4.570645161290322,24.36727879799666,2005-06-18 02:19:21,2005-08-23 22:18:51,0.1808,20.14,Lori Wood
79,73.81,19,3.8847368421052635,24.36727879799666,2005-05-30 00:28:41,2005-08-21 03:14:27,0.2274,21.53,Rachel Barnes
80,137.70000000000002,30,4.590000000000001,24.36727879799666,2005-06-19 05:48:26,2006-02-14 15:16:03,0.6575,73.54,Marilyn Ross
81,92.79,21,4.418571428571429,24.36727879799666,2005-05-26 20:01:09,2005-08-23 16:45:28,0.2411,25.96,Andrea Henderson
82,118.76,24,4.948333333333333,24.36727879799666,2005-05-25 23:59:03,2005-08-23 03:12:54,0.2438,29.4,Kathryn Coleman
83,96.78,22,4.399090909090909,24.36727879799666,2005-05-26 10:14:38,2006-02-14 15:16:03,0.7233,77.53,Louise Jenkins
84,128.70000000000002,30,4.290000000000001,24.36727879799666,2005-05-27 13:57:39,2005-08-22 18:16:50,0.2384,24.92,Sara Perry
85,72.79,21,3.4661904761904765,24.36727879799666,2005-05-29 00:54:53,2005-08-20 10:25:12,0.2274,19.21,Anne Powell
86,146.68,32,4.58375,24.36727879799666,2005-05-25 09:35:12,2005-08-23 18:45:06,0.2466,27.54,Jacqueline Long
87,137.72,28,4.918571428571428,24.36727879799666,2005-05-27 19:27:54,2006-02-14 15:16:03,0.7178,86.03,Wanda Patterson
88,84.80000000000001,20,4.24,24.36727879799666,2005-05-25 04:36:26,2005-08-23 17:13:01,0.2466,25.48,Bonnie Hughes
89,124.71000000000001,29,4.3003448275862075,24.36727879799666,2005-05-25 23:34:53,2005-08-23 15:38:34,0.2438,25.55,Julia Flores
90,110.72,28,3.954285714285714,24.36727879799666,2005-06-17 13:24:43,2005-08-23 09:16:39,0.1808,17.42,Ruby Washington
91,107.66000000000001,34,3.1664705882352946,24.36727879799666,2005-05-26 09:17:43,2006-02-14 15:16:03,0.7233,55.81,Lois Butler
92,122.74000000000001,26,4.720769230769231,24.36727879799666,2005-05-26 16:22:01,2005-08-22 07:53:14,0.2384,27.42,Tina Simmons
93,76.8,20,3.84,24.36727879799666,2005-05-25 19:07:40,2005-08-23 17:48:30,0.2438,22.81,Phyllis Foster
94,71.81,19,3.7794736842105263,24.36727879799666,2005-05-25 21:10:40,2006-02-14 15:16:03,0.7233,66.61,Norma Gonzales
95,72.83,17,4.284117647058824,24.36727879799666,2005-05-28 00:09:56,2005-08-21 03:51:52,0.2329,24.31,Paula Bryant
96,105.73,27,3.9159259259259263,24.36727879799666,2005-06-15 07:11:39,2005-08-23 20:24:36,0.189,18.03,Diana Alexander
97,58.82000000000001,18,3.2677777777777783,24.36727879799666,2005-06-17 17:14:00,2005-08-22 08:20:15,0.1781,14.18,Annie Russell
98,102.76,24,4.281666666666667,24.36727879799666,2005-05-26 08:48:49,2005-08-23 03:58:28,0.2411,25.15,Lillian Griffin
99,90.77000000000001,23,3.9465217391304352,24.36727879799666,2005-05-30 03:54:43,2006-02-14 15:16:03,0.7123,68.5,Emily Diaz
100,101.77000000000001,23,4.4247826086956525,24.36727879799666,2005-05-25 10:26:39,2006-02-14 15:16:03,0.726,78.28,Robin Hayes
101,86.77000000000001,23,3.7726086956521745,24.36727879799666,2005-05-27 21:13:10,2006-02-14 15:16:03,0.7178,65.99,Peggy Myers
102,129.70000000000002,30,4.323333333333334,24.36727879799666,2005-05-26 14:01:05,2005-08-23 21:59:26,0.2438,25.68,Crystal Ford
103,128.71,29,4.4382758620689655,24.36727879799666,2005-05-26 12:40:23,2005-08-23 22:43:07,0.2438,26.37,Gladys Hamilton
104,77.78,22,3.5354545454545456,24.36727879799666,2005-05-26 02:26:23,2005-08-22 15:52:57,0.2411,20.77,Rita Graham
105,93.78,22,4.262727272727273,24.36727879799666,2005-05-27 01:18:57,2005-08-23 14:27:07,0.2411,25.04,Dawn Sullivan
106,95.79,21,4.561428571428571,24.36727879799666,2005-05-28 07:53:38,2005-08-22 14:27:37,0.2356,26.19,Connie Wallace
107,114.72,28,4.097142857142857,24.36727879799666,2005-05-26 03:11:12,2006-02-14 15:16:03,0.7233,72.21,Florence Woods
108,126.72,28,4.525714285714286,24.36727879799666,2005-05-25 17:54:12,2006-02-14 15:16:03,0.7233,79.77,Tracy Cole
109,79.81,19,4.200526315789474,24.36727879799666,2005-05-26 07:27:57,2005-08-23 09:23:36,0.2438,24.95,Edna West
110,49.88,12,4.156666666666667,24.36727879799666,2005-05-28 03:10:10,2005-08-22 22:28:36,0.2356,23.86,Tiffany Jordan
111,94.75,25,3.79,24.36727879799666,2005-05-28 02:06:37,2006-02-14 15:16:03,0.7178,66.29,Carmen Owens
112,129.72,28,4.632857142857143,24.36727879799666,2005-05-27 11:47:04,2005-08-23 12:47:05,0.2411,27.22,Rosa Reynolds
113,111.73,27,4.138148148148148,24.36727879799666,2005-05-28 02:52:14,2005-08-23 13:18:16,0.2384,24.04,Cindy Fisher
114,126.7,30,4.223333333333334,24.36727879799666,2005-05-26 07:59:37,2006-02-14 15:16:03,0.7233,74.44,Grace Ellis
115,86.73,27,3.2122222222222225,24.36727879799666,2005-05-30 11:20:27,2006-02-14 15:16:03,0.7123,55.75,Wendy Harrison
116,106.74000000000001,26,4.105384615384616,24.36727879799666,2005-05-31 08:04:17,2005-08-22 04:44:09,0.2247,22.48,Victoria Gibson
117,69.83,17,4.107647058823529,24.36727879799666,2005-05-29 02:18:54,2005-08-23 00:26:52,0.2329,23.31,Edith Mcdonald
118,76.8,20,3.84,24.36727879799666,2005-05-27 05:39:03,2005-08-23 11:33:25,0.2411,22.56,Kim Cruz
119,139.69,31,4.506129032258064,24.36727879799666,2005-05-25 09:41:01,2005-08-23 21:52:56,0.2466,27.08,Sherry Marshall
120,134.70000000000002,30,4.49,24.36727879799666,2005-05-25 09:47:31,2006-02-14 15:16:03,0.726,79.43,Sylvia Ortiz
121,104.75,25,4.19,24.36727879799666,2005-05-26 09:24:26,2005-08-23 22:20:26,0.2438,24.89,Josephine Gomez
122,120.7,30,4.023333333333333,24.36727879799666,2005-05-30 01:43:31,2005-08-21 19:51:09,0.2274,22.29,Thelma Murray
123,97.77000000000001,23,4.250869565217392,24.36727879799666,2005-05-30 23:47:56,2005-08-23 13:51:57,0.2301,23.83,Shannon Freeman
124,57.86,14,4.132857142857143,24.36727879799666,2005-05-29 13:23:26,2005-08-23 21:45:02,0.2356,23.73,Sheila Wells
125,131.69,31,4.248064516129032,24.36727879799666,2005-05-26 05:30:03,2005-08-22 10:14:39,0.2411,24.96,Ethel Webb
126,102.75,25,4.11,24.36727879799666,2005-05-25 00:00:40,2005-08-23 21:02:43,0.2466,24.7,Ellen Simpson
127,105.78,22,4.808181818181819,24.36727879799666,2005-05-27 19:30:33,2005-08-23 11:40:30,0.2384,27.93,Elaine Stevens
128,118.7,30,3.9566666666666666,24.36727879799666,2005-05-30 07:13:14,2005-08-23 15:25:27,0.2329,22.45,Marjorie Tucker
129,124.66000000000001,34,3.6664705882352946,24.36727879799666,2005-06-16 15:34:41,2005-08-22 06:46:59,0.1808,16.15,Carrie Porter
130,87.78,22,3.99,24.36727879799666,2005-05-24 22:53:30,2005-08-23 13:29:08,0.2466,23.98,Charlotte Hunter
131,112.73,27,4.175185185185185,24.36727879799666,2005-05-25 08:26:13,2005-08-23 22:20:40,0.2466,25.09,Monica Hicks
132,95.72,28,3.4185714285714286,24.36727879799666,2005-06-16 23:53:42,2005-08-23 16:30:55,0.1836,15.29,Esther Crawford
133,88.75,25,3.55,24.36727879799666,2005-05-26 17:09:53,2005-08-23 21:07:59,0.2438,21.09,Pauline Henry
134,77.81,19,4.095263157894737,24.36727879799666,2005-05-27 07:33:54,2005-08-23 19:42:46,0.2411,24.06,Emma Boyd
135,100.72,28,3.597142857142857,24.36727879799666,2005-05-25 11:35:18,2006-02-14 15:16:03,0.726,63.64,Juanita Mason
136,59.86,14,4.275714285714286,24.36727879799666,2005-05-31 21:20:09,2005-08-23 00:34:28,0.2274,23.69,Anita Morales
137,191.62,38,5.042631578947368,24.36727879799666,2005-05-30 12:13:52,2005-08-23 21:56:04,0.2329,28.62,Rhonda Kennedy
138,106.68,32,3.33375,24.36727879799666,2005-05-28 03:53:26,2005-08-23 02:39:56,0.2356,19.14,Hazel Warren
139,113.73,27,4.2122222222222225,24.36727879799666,2005-06-14 23:42:56,2005-08-23 12:12:05,0.189,19.4,Amber Dixon
140,83.82000000000001,18,4.656666666666667,24.36727879799666,2005-06-16 04:51:18,2005-08-23 15:47:02,0.1863,21.14,Eva Ramos
141,127.69000000000001,31,4.119032258064516,24.36727879799666,2005-05-30 12:44:57,2005-08-23 19:45:25,0.2329,23.38,Debbie Reyes
142,74.77000000000001,23,3.250869565217392,24.36727879799666,2005-05-25 00:09:02,2006-02-14 15:16:03,0.726,57.51,April Burns
143,83.8,20,4.1899999999999995,24.36727879799666,2005-05-26 10:14:09,2005-08-23 21:54:02,0.2438,24.89,Leslie Gordon
144,189.6,40,4.74,24.36727879799666,2005-05-27 00:49:27,2005-08-23 12:43:30,0.2411,27.85,Clara Shaw
145,107.73,27,3.99,24.36727879799666,2005-05-28 01:05:25,2005-08-21 10:15:20,0.2329,22.64,Lucille Holmes
146,126.73,27,4.6937037037037035,24.36727879799666,2005-05-29 11:15:51,2005-08-23 15:36:05,0.2356,26.95,Jamie Rice
147,125.68,32,3.9275,24.36727879799666,2005-05-27 07:10:25,2005-08-23 20:53:20,0.2411,23.07,Joanne Robertson
148,211.55,45,4.7011111111111115,24.36727879799666,2005-05-28 23:53:18,2005-08-23 05:57:04,0.2356,26.99,Eleanor Hunt
149,116.75,25,4.67,24.36727879799666,2005-05-29 11:37:35,2005-08-23 05:04:33,0.2329,26.5,Valerie Black
150,94.78,22,4.308181818181819,24.36727879799666,2005-05-27 15:31:55,2005-08-21 19:47:55,0.2356,24.73,Danielle Daniels
151,81.75,25,3.27,24.36727879799666,2005-05-26 02:26:49,2005-08-23 20:31:38,0.2438,19.43,Megan Palmer
152,73.81,19,3.8847368421052635,24.36727879799666,2005-05-27 06:48:33,2006-02-14 15:16:03,0.7205,68.2,Alicia Mills
153,94.76,24,3.9483333333333337,24.36727879799666,2005-06-18 03:33:58,2005-08-23 06:15:09,0.1808,17.39,Suzanne Nichols
154,110.73,27,4.101111111111111,24.36727879799666,2005-05-27 21:14:26,2005-08-23 11:16:16,0.2384,23.82,Michele Grant
155,106.76,24,4.448333333333333,24.36727879799666,2005-05-28 09:57:36,2006-02-14 15:16:03,0.7178,77.81,Gail Knight
156,89.77000000000001,23,3.90304347826087,24.36727879799666,2005-05-30 09:29:30,2005-08-22 23:26:32,0.2301,21.88,Bertha Ferguson
157,107.71000000000001,29,3.714137931034483,24.36727879799666,2005-05-27 05:48:19,2005-08-22 07:04:25,0.2384,21.58,Darlene Rose
158,115.7,30,3.856666666666667,24.36727879799666,2005-05-26 13:46:59,2005-08-23 14:26:51,0.2438,22.91,Veronica Stone
159,58.830000000000005,17,3.460588235294118,24.36727879799666,2005-05-27 22:16:26,2005-08-22 16:14:25,0.2356,19.87,Jill Hawkins
160,106.73,27,3.952962962962963,24.36727879799666,2005-06-18 09:03:19,2005-08-23 21:49:33,0.1808,17.42,Erin Dunn
161,94.76,24,3.9483333333333337,24.36727879799666,2005-05-27 16:10:58,2005-08-22 23:55:51,0.2384,22.94,Geraldine Perkins
162,59.830000000000005,17,3.5194117647058825,24.36727879799666,2005-05-26 19:41:40,2006-02-14 15:16:03,0.7205,61.79,Lauren Hudson
163,122.71000000000001,29,4.231379310344828,24.36727879799666,2005-06-15 07:00:50,2006-02-14 15:16:03,0.6685,68.93,Cathy Spencer
164,64.85000000000001,15,4.323333333333334,24.36727879799666,2005-05-31 02:05:39,2005-08-20 00:30:51,0.2192,23.09,Joann Gardner
165,81.80000000000001,20,4.090000000000001,24.36727879799666,2005-05-27 03:42:52,2005-08-23 15:23:50,0.2411,24.03,Lorraine Stephens
166,121.73,27,4.508518518518518,24.36727879799666,2005-05-28 21:09:31,2005-08-23 14:31:50,0.2356,25.88,Lynn Payne
167,108.71000000000001,29,3.748620689655173,24.36727879799666,2005-05-26 18:36:58,2005-08-23 17:52:01,0.2411,22.02,Sally Pierce
168,129.68,32,4.0525,24.36727879799666,2005-05-27 13:31:51,2006-02-14 15:16:03,0.7205,71.15,Regina Berry
169,86.8,20,4.34,24.36727879799666,2005-05-28 04:28:38,2005-08-23 09:33:22,0.2384,25.21,Erica Matthews
170,109.77000000000001,23,4.772608695652174,24.36727879799666,2005-05-26 08:33:10,2005-08-23 04:27:06,0.2411,28.04,Beatrice Arnold
171,104.75,25,4.19,24.36727879799666,2005-05-29 18:10:24,2005-08-23 14:43:15,0.2329,23.78,Dolores Wagner
172,133.70000000000002,30,4.456666666666667,24.36727879799666,2005-05-27 19:13:15,2005-08-23 22:14:31,0.2411,26.18,Bernice Willis
173,111.73,27,4.138148148148148,24.36727879799666,2005-05-28 11:15:48,2005-08-23 21:10:24,0.2384,24.04,Audrey Ray
174,81.81,19,4.305789473684211,24.36727879799666,2005-05-25 05:12:29,2005-08-23 20:06:23,0.2466,25.87,Yvonne Watkins
175,98.76,24,4.115,24.36727879799666,2005-06-15 21:54:31,2006-02-14 15:16:03,0.6658,66.76,Annette Olson
176,151.68,32,4.74,24.36727879799666,2005-05-26 03:17:42,2005-08-23 18:36:44,0.2438,28.16,June Carroll
177,71.77000000000001,23,3.120434782608696,24.36727879799666,2005-06-15 16:12:50,2005-08-22 03:55:02,0.1836,13.96,Samantha Duncan
178,194.61,39,4.99,24.36727879799666,2005-06-15 09:03:52,2006-02-14 15:16:03,0.6685,81.28,Marion Snyder
179,120.74000000000001,26,4.643846153846154,24.36727879799666,2005-05-28 01:34:43,2005-08-23 20:20:23,0.2384,26.98,Dana Hart
180,95.78,22,4.3536363636363635,24.36727879799666,2005-05-31 16:39:33,2006-02-14 15:16:03,0.7068,74.98,Stacy Cunningham
181,167.67000000000002,33,5.080909090909091,24.36727879799666,2005-05-28 11:19:23,2006-02-14 15:16:03,0.7178,88.87,Ana Bradley
182,92.76,24,3.865,24.36727879799666,2005-05-26 01:51:48,2005-08-22 09:49:32,0.2411,22.71,Renee Lane
183,75.78,22,3.444545454545455,24.36727879799666,2005-05-27 10:12:00,2005-08-20 03:35:16,0.2301,19.31,Ida Andrews
184,80.8,20,4.04,24.36727879799666,2005-05-26 06:55:58,2005-08-23 06:56:18,0.2438,24.0,Vivian Ruiz
185,79.80000000000001,20,3.9900000000000007,24.36727879799666,2005-05-25 01:48:41,2005-08-21 14:51:35,0.2411,23.44,Roberta Harper
186,111.71000000000001,29,3.8520689655172418,24.36727879799666,2005-05-28 11:20:29,2006-02-14 15:16:03,0.7178,67.38,Holly Fox
187,151.73000000000002,27,5.61962962962963,24.36727879799666,2005-05-26 14:39:53,2005-08-23 19:59:33,0.2438,33.38,Brittany Riley
188,92.75,25,3.71,24.36727879799666,2005-06-16 00:31:40,2006-02-14 15:16:03,0.6658,60.19,Melanie Armstrong
189,87.79,21,4.180476190476191,24.36727879799666,2005-05-31 16:15:31,2005-08-23 21:04:51,0.2301,23.44,Loretta Carpenter
190,102.75,25,4.11,24.36727879799666,2005-05-27 16:22:10,2006-02-14 15:16:03,0.7178,71.89,Yolanda Weaver
191,66.82000000000001,18,3.7122222222222225,24.36727879799666,2005-05-31 19:14:15,2006-02-14 15:16:03,0.7068,63.93,Jeanette Greene
192,97.78,22,4.444545454545454,24.36727879799666,2005-05-30 08:50:43,2006-02-14 15:16:03,0.7123,77.14,Laurie Lawrence
193,105.77000000000001,23,4.598695652173913,24.36727879799666,2005-05-26 16:29:36,2006-02-14 15:16:03,0.7205,80.74,Katie Elliott
194,74.84,16,4.6775,24.36727879799666,2005-05-27 03:03:07,2005-08-23 18:43:22,0.2411,27.48,Kristen Chavez
195,86.81,19,4.568947368421052,24.36727879799666,2005-07-07 13:01:35,2005-08-23 22:19:33,0.1288,14.34,Vanessa Sims
196,128.69,31,4.151290322580645,24.36727879799666,2005-05-25 18:18:19,2005-08-23 20:10:13,0.2466,24.94,Alma Austin
197,133.68,32,4.1775,24.36727879799666,2005-05-25 16:03:42,2005-08-23 04:12:52,0.2438,24.82,Sue Peters
198,124.68,32,3.89625,24.36727879799666,2005-05-27 06:37:15,2005-08-23 00:27:18,0.2384,22.63,Elsie Kelley
199,95.76,24,3.99,24.36727879799666,2005-05-28 01:05:07,2006-02-14 15:16:03,0.7178,69.79,Beth Franklin
200,126.74000000000001,26,4.874615384615385,24.36727879799666,2005-05-26 16:20:56,2006-02-14 15:16:03,0.7205,85.58,Jeanne Lawson
201,91.78,22,4.171818181818182,24.36727879799666,2005-05-26 22:51:37,2005-08-23 20:06:04,0.2411,24.51,Vicki Fields
202,103.74000000000001,26,3.99,24.36727879799666,2005-06-15 20:55:42,2005-08-23 13:22:56,0.1863,18.11,Carla Gutierrez
203,87.81,19,4.6215789473684215,24.36727879799666,2005-05-26 23:09:41,2005-08-23 20:27:34,0.2411,27.15,Tara Ryan
204,134.69,31,4.344838709677419,24.36727879799666,2005-05-26 14:35:40,2005-08-22 23:48:56,0.2411,25.53,Rosemary Schmidt
205,80.82000000000001,18,4.49,24.36727879799666,2005-06-15 04:49:08,2005-08-22 23:54:14,0.1863,20.38,Eileen Carr
206,126.73,27,4.6937037037037035,24.36727879799666,2005-06-17 02:27:03,2005-08-23 10:36:00,0.1836,21.0,Terri Vasquez
207,119.72,28,4.275714285714286,24.36727879799666,2005-05-25 04:51:46,2005-08-23 07:25:29,0.2466,25.69,Gertrude Castillo
208,86.75,25,3.47,24.36727879799666,2005-05-25 16:50:28,2006-02-14 15:16:03,0.7233,61.16,Lucy Wheeler
209,147.71,29,5.09344827586207,24.36727879799666,2005-05-27 03:55:25,2005-08-23 02:51:27,0.2384,29.59,Tonya Chapman
210,134.70000000000002,30,4.49,24.36727879799666,2005-05-30 16:34:02,2005-08-23 18:48:40,0.2329,25.48,Ella Oliver
211,146.67000000000002,33,4.444545454545455,24.36727879799666,2005-05-26 12:30:22,2006-02-14 15:16:03,0.7233,78.33,Stacey Montgomery
212,91.80000000000001,20,4.590000000000001,24.36727879799666,2005-06-15 13:17:01,2005-08-23 18:05:10,0.189,21.14,Wilma Richards
213,110.73,27,4.101111111111111,24.36727879799666,2005-05-27 10:23:25,2006-02-14 15:16:03,0.7205,72.0,Gina Williamson
214,103.74000000000001,26,3.99,24.36727879799666,2005-05-26 13:05:08,2006-02-14 15:16:03,0.7233,70.32,Kristin Johnston
215,81.76,24,3.4066666666666667,24.36727879799666,2005-05-29 03:49:03,2006-02-14 15:16:03,0.7151,59.36,Jessie Banks
216,90.78,22,4.126363636363636,24.36727879799666,2005-05-31 00:08:25,2006-02-14 15:16:03,0.7096,71.35,Natalie Meyer
217,86.79,21,4.1328571428571435,24.36727879799666,2005-05-29 22:14:55,2005-08-22 19:02:48,0.2301,23.17,Agnes Bishop
218,67.82000000000001,18,3.7677777777777783,24.36727879799666,2005-06-15 20:25:53,2005-08-23 05:30:19,0.1863,17.1,Vera Mccoy
219,100.75,25,4.03,24.36727879799666,2005-05-27 14:48:20,2006-02-14 15:16:03,0.7205,70.75,Willie Howell
220,109.75,25,4.39,24.36727879799666,2005-05-27 14:10:58,2005-08-23 10:32:52,0.2384,25.5,Charlene Alvarez
221,127.73,27,4.730740740740741,24.36727879799666,2005-05-26 10:44:04,2005-08-22 12:53:22,0.2411,27.79,Bessie Morrison
222,71.84,16,4.49,24.36727879799666,2005-05-24 23:05:21,2005-08-21 08:58:38,0.2411,26.38,Delores Hansen
223,77.84,16,4.865,24.36727879799666,2005-05-28 03:57:28,2005-08-23 08:52:50,0.2384,28.26,Melinda Fernandez
224,76.78,22,3.49,24.36727879799666,2005-06-15 18:08:14,2005-08-23 19:11:29,0.189,16.07,Pearl Garza
225,111.76,24,4.656666666666667,24.36727879799666,2005-05-29 20:00:30,2005-08-21 12:07:25,0.2274,25.8,Arlene Harvey
226,87.79,21,4.180476190476191,24.36727879799666,2005-06-21 16:58:50,2005-08-23 22:06:15,0.1726,17.58,Maureen Little
227,78.78,22,3.580909090909091,24.36727879799666,2005-05-25 18:45:19,2006-02-14 15:16:03,0.7233,63.11,Colleen Burton
228,86.75,25,3.47,24.36727879799666,2005-05-28 00:24:58,2006-02-14 15:16:03,0.7178,60.69,Allison Stanley
229,93.75,25,3.75,24.36727879799666,2005-06-18 01:59:16,2006-02-14 15:16:03,0.6603,60.34,Tamara Nguyen
230,118.69000000000001,31,3.828709677419355,24.36727879799666,2005-05-25 04:06:21,2005-08-21 08:38:21,0.2411,22.49,Joy George
231,88.77000000000001,23,3.859565217391305,24.36727879799666,2005-05-27 01:57:14,2005-08-22 22:51:13,0.2384,22.42,Georgia Jacobs
232,86.77000000000001,23,3.7726086956521745,24.36727879799666,2005-05-25 03:42:37,2005-08-23 04:33:39,0.2466,22.67,Constance Reid
233,89.77000000000001,23,3.90304347826087,24.36727879799666,2005-06-17 10:58:53,2005-08-23 15:03:58,0.1836,17.46,Lillie Kim
234,106.75,25,4.27,24.36727879799666,2005-05-31 17:23:44,2006-02-14 15:16:03,0.7068,73.54,Claudia Fuller
235,89.77000000000001,23,3.90304347826087,24.36727879799666,2005-05-29 18:50:50,2005-08-22 09:33:08,0.2301,21.88,Jackie Lynch
236,166.61,39,4.272051282051282,24.36727879799666,2005-05-26 15:46:56,2006-02-14 15:16:03,0.7205,75.0,Marcia Dean
237,138.69,31,4.473870967741935,24.36727879799666,2005-05-25 21:48:30,2005-08-23 18:28:09,0.2438,26.58,Tanya Gilbert
238,86.81,19,4.568947368421052,24.36727879799666,2005-05-26 23:12:55,2005-08-23 01:05:00,0.2411,26.84,Nellie Garrett
239,108.72,28,3.882857142857143,24.36727879799666,2005-05-24 23:31:46,2005-08-20 22:34:34,0.2384,22.56,Minnie Romero
240,106.77000000000001,23,4.642173913043479,24.36727879799666,2005-05-26 13:57:07,2005-08-23 08:06:49,0.2411,27.27,Marlene Welch
241,110.68,32,3.45875,24.36727879799666,2005-05-28 17:04:43,2005-08-23 13:14:15,0.2356,19.86,Heidi Larson
242,128.71,29,4.4382758620689655,24.36727879799666,2005-05-25 18:30:05,2005-08-22 08:06:00,0.2411,26.07,Glenda Frazier
243,77.77000000000001,23,3.3813043478260876,24.36727879799666,2005-05-26 05:47:12,2005-08-21 21:02:55,0.2384,19.64,Lydia Burke
244,122.7,30,4.09,24.36727879799666,2005-05-28 13:21:08,2006-02-14 15:16:03,0.7178,71.54,Viola Hanson
245,103.74000000000001,26,3.99,24.36727879799666,2005-05-25 12:11:07,2006-02-14 15:16:03,0.726,70.59,Courtney Day
246,76.82000000000001,18,4.267777777777778,24.36727879799666,2005-05-25 20:46:11,2005-08-23 12:26:19,0.2438,25.35,Marian Mendoza
247,88.81,19,4.67421052631579,24.36727879799666,2005-05-26 06:01:41,2005-08-23 13:45:44,0.2438,27.77,Stella Moreno
248,37.870000000000005,13,2.9130769230769236,24.36727879799666,2005-05-27 02:15:30,2005-08-22 03:58:29,0.2384,16.92,Caroline Bowman
249,88.81,19,4.67421052631579,24.36727879799666,2005-05-26 23:22:55,2005-08-22 14:33:50,0.2384,27.15,Dora Medina
250,54.85,15,3.6566666666666667,24.36727879799666,2005-05-25 09:01:57,2005-08-22 17:52:05,0.2438,21.72,Jo Fowler
251,100.75,25,4.03,24.36727879799666,2005-05-26 16:00:49,2006-02-14 15:16:03,0.7205,70.75,Vickie Brewer
252,58.800000000000004,20,2.9400000000000004,24.36727879799666,2005-05-29 03:18:19,2006-02-14 15:16:03,0.7151,51.23,Mattie Hoffman
253,116.74000000000001,26,4.49,24.36727879799666,2005-05-28 09:51:39,2005-08-22 17:12:29,0.2356,25.78,Terry Carlson
254,107.7,30,3.5900000000000003,24.36727879799666,2005-05-26 05:01:18,2005-08-23 13:25:08,0.2438,21.33,Maxine Silva
255,70.82000000000001,18,3.934444444444445,24.36727879799666,2005-06-15 04:31:28,2005-08-21 17:45:21,0.1836,17.6,Irma Pearson
256,97.75,25,3.91,24.36727879799666,2005-05-25 06:49:10,2005-08-23 16:18:12,0.2466,23.5,Mabel Holland
257,142.66,34,4.195882352941176,24.36727879799666,2005-05-25 23:00:21,2005-08-23 19:51:29,0.2438,24.93,Marsha Douglas
258,110.76,24,4.615,24.36727879799666,2005-06-16 16:38:10,2005-08-22 04:31:37,0.1808,20.33,Myrtle Fleming
259,154.70000000000002,30,5.156666666666667,24.36727879799666,2005-05-29 05:30:31,2005-08-23 09:52:55,0.2356,29.6,Lena Jensen
260,113.7,30,3.79,24.36727879799666,2005-05-31 14:13:59,2005-08-21 17:59:09,0.2247,20.75,Christy Vargas
261,90.78,22,4.126363636363636,24.36727879799666,2005-05-25 00:19:27,2005-08-22 23:08:46,0.2438,24.51,Deanna Byrd
262,114.73,27,4.24925925925926,24.36727879799666,2005-05-30 22:17:17,2005-08-23 17:57:35,0.2301,23.83,Patsy Davidson
263,116.73,27,4.323333333333333,24.36727879799666,2005-05-25 16:34:24,2006-02-14 15:16:03,0.7233,76.2,Hilda Hopkins
264,98.75,25,3.95,24.36727879799666,2005-06-14 23:16:27,2006-02-14 15:16:03,0.6685,64.34,Gwendolyn May
265,132.72,28,4.74,24.36727879799666,2005-05-25 11:09:48,2005-08-22 05:59:59,0.2411,27.85,Jennie Terry
266,113.74000000000001,26,4.374615384615385,24.36727879799666,2005-05-25 13:36:12,2005-08-22 21:06:00,0.2438,25.99,Nora Herrera
267,142.67000000000002,33,4.323333333333334,24.36727879799666,2005-05-25 14:57:22,2006-02-14 15:16:03,0.726,76.48,Margie Wade
268,96.79,21,4.60904761904762,24.36727879799666,2005-06-15 16:17:21,2005-08-22 15:49:54,0.1836,20.62,Nina Soto
269,96.79,21,4.60904761904762,24.36727879799666,2005-05-24 23:11:53,2006-02-14 15:16:03,0.726,81.54,Cassandra Walters
270,75.81,19,3.99,24.36727879799666,2005-05-26 06:41:48,2005-08-23 07:10:22,0.2438,23.7,Leah Curtis
271,56.84,16,3.5525,24.36727879799666,2005-05-31 13:30:49,2005-08-22 17:48:42,0.2274,19.68,Penny Neal
272,65.87,13,5.066923076923077,24.36727879799666,2005-05-25 04:18:51,2005-08-20 16:07:55,0.2384,29.43,Kay Caldwell
273,130.72,28,4.668571428571428,24.36727879799666,2005-05-25 19:46:21,2005-08-23 12:50:00,0.2438,27.73,Priscilla Lowe
274,116.73,27,4.323333333333333,24.36727879799666,2005-05-26 00:17:50,2006-02-14 15:16:03,0.7233,76.2,Naomi Jennings
275,92.75,25,3.71,24.36727879799666,2005-05-27 03:15:23,2005-08-23 02:30:23,0.2384,21.55,Carole Barnett
276,94.77000000000001,23,4.1204347826086964,24.36727879799666,2005-05-29 08:10:07,2005-08-23 18:08:19,0.2356,23.66,Brandy Graves
277,108.76,24,4.531666666666667,24.36727879799666,2005-05-26 22:01:39,2005-08-22 21:05:50,0.2384,26.33,Olga Jimenez
278,71.79,21,3.418571428571429,24.36727879799666,2005-05-31 12:15:57,2005-08-23 21:30:45,0.2301,19.17,Billie Horton
279,114.76,24,4.781666666666667,24.36727879799666,2005-05-30 21:37:11,2006-02-14 15:16:03,0.7096,82.68,Dianne Shelton
280,103.77000000000001,23,4.511739130434783,24.36727879799666,2005-05-31 02:39:16,2005-08-23 19:09:39,0.2301,25.3,Tracey Barrett
281,32.900000000000006,10,3.2900000000000005,24.36727879799666,2005-05-28 19:45:40,2005-08-21 03:40:40,0.2301,18.45,Leona Obrien
282,79.8,20,3.9899999999999998,24.36727879799666,2005-05-25 06:20:46,2006-02-14 15:16:03,0.726,70.59,Jenny Castro
283,68.77000000000001,23,2.9900000000000007,24.36727879799666,2005-06-16 16:56:00,2005-08-23 15:29:41,0.1836,13.38,Felicia Sutton
284,108.78,22,4.944545454545454,24.36727879799666,2005-05-27 15:32:57,2006-02-14 15:16:03,0.7178,86.48,Sonia Gregory
285,117.77000000000001,23,5.1204347826086964,24.36727879799666,2005-06-14 23:07:08,2005-08-23 02:06:41,0.189,23.58,Miriam Mckinney
286,96.76,24,4.031666666666667,24.36727879799666,2005-05-25 12:15:19,2005-08-23 07:28:22,0.2438,23.95,Velma Lucas
287,80.78,22,3.671818181818182,24.36727879799666,2005-05-28 01:01:21,2006-02-14 15:16:03,0.7178,64.22,Becky Miles
288,52.81,19,2.7794736842105263,24.36727879799666,2005-05-25 15:54:16,2005-08-22 12:41:33,0.2411,16.33,Bobbie Craig
289,104.76,24,4.365,24.36727879799666,2005-06-17 03:08:59,2005-08-22 05:03:59,0.1808,19.23,Violet Rodriquez
290,80.78,22,3.671818181818182,24.36727879799666,2005-05-26 01:46:20,2005-08-20 08:57:51,0.2356,21.08,Kristina Chambers
291,73.83,17,4.342941176470588,24.36727879799666,2005-05-25 07:23:25,2005-08-23 08:54:26,0.2466,26.1,Toni Holt
292,102.78,22,4.671818181818182,24.36727879799666,2005-05-27 01:00:04,2005-08-22 12:38:20,0.2384,27.14,Misty Lambert
293,107.79,21,5.1328571428571435,24.36727879799666,2005-05-27 18:42:57,2005-08-23 09:18:52,0.2384,29.82,Mae Fletcher
294,105.77000000000001,23,4.598695652173913,24.36727879799666,2005-05-28 13:59:54,2005-08-23 15:34:46,0.2384,26.71,Shelly Watts
295,125.72,28,4.49,24.36727879799666,2005-05-27 08:08:18,2006-02-14 15:16:03,0.7205,78.83,Daisy Bates
296,103.77000000000001,23,4.511739130434783,24.36727879799666,2005-05-26 02:02:05,2006-02-14 15:16:03,0.7233,79.52,Ramona Hale
297,99.74000000000001,26,3.8361538461538465,24.36727879799666,2005-05-25 23:45:52,2005-08-23 10:43:00,0.2438,22.79,Sherri Rhodes
298,78.79,21,3.751904761904762,24.36727879799666,2005-05-27 10:12:20,2005-08-23 08:13:26,0.2384,21.8,Erika Pena
299,84.79,21,4.037619047619048,24.36727879799666,2005-05-27 02:27:10,2005-08-22 04:26:34,0.2384,23.46,James Gannon
300,123.74000000000001,26,4.759230769230769,24.36727879799666,2005-05-27 19:52:29,2006-02-14 15:16:03,0.7178,83.24,John Farnsworth
301,71.85000000000001,15,4.790000000000001,24.36727879799666,2005-05-25 03:41:50,2005-08-22 18:39:11,0.2438,28.46,Robert Baughman
302,113.74000000000001,26,4.374615384615385,24.36727879799666,2005-05-25 04:47:44,2005-08-23 20:22:17,0.2466,26.29,Michael Silverman
303,70.81,19,3.726842105263158,24.36727879799666,2005-05-26 16:07:38,2005-08-23 02:55:42,0.2411,21.9,William Satterfield
304,79.81,19,4.200526315789474,24.36727879799666,2005-05-25 21:58:58,2005-08-22 06:05:38,0.2411,24.68,David Royal
305,87.80000000000001,20,4.390000000000001,24.36727879799666,2005-05-25 10:10:14,2005-08-23 06:59:07,0.2438,26.08,Richard Mccrary
306,119.72,28,4.275714285714286,24.36727879799666,2005-05-27 08:49:21,2005-08-23 16:19:14,0.2411,25.12,Charles Kowalski
307,92.80000000000001,20,4.640000000000001,24.36727879799666,2005-05-27 14:45:37,2005-08-23 03:03:53,0.2384,26.95,Joseph Joy
308,81.81,19,4.305789473684211,24.36727879799666,2005-05-28 12:27:50,2005-08-23 15:03:13,0.2384,25.01,Thomas Grigsby
309,113.75,25,4.55,24.36727879799666,2005-05-26 09:27:09,2005-08-22 23:58:09,0.2411,26.73,Christopher Greco
310,68.87,13,5.297692307692308,24.36727879799666,2005-05-25 17:46:33,2005-08-22 06:53:21,0.2411,31.12,Daniel Cabral
311,80.85000000000001,15,5.390000000000001,24.36727879799666,2005-05-26 16:48:51,2005-08-23 21:34:33,0.2438,32.02,Paul Trout
312,81.80000000000001,20,4.090000000000001,24.36727879799666,2005-05-26 11:19:20,2005-08-23 16:44:31,0.2438,24.3,Mark Rinehart
313,63.84,16,3.99,24.36727879799666,2005-05-28 22:03:25,2005-08-23 05:24:29,0.2356,22.91,Donald Mahon
314,113.71000000000001,29,3.9210344827586208,24.36727879799666,2005-05-25 12:12:07,2005-08-23 21:37:59,0.2466,23.56,George Linton
315,67.86,14,4.847142857142857,24.36727879799666,2005-05-28 06:20:55,2006-02-14 15:16:03,0.7178,84.78,Kenneth Gooden
316,80.81,19,4.253157894736842,24.36727879799666,2005-05-25 00:43:11,2005-08-23 15:34:49,0.2466,25.56,Steven Curley
317,96.76,24,4.031666666666667,24.36727879799666,2005-05-25 18:28:09,2006-02-14 15:16:03,0.7233,71.06,Edward Baugh
318,27.93,7,3.9899999999999998,24.36727879799666,2005-05-26 10:18:27,2005-08-21 06:34:05,0.2356,22.91,Brian Wyman
319,93.79,21,4.4661904761904765,24.36727879799666,2005-05-25 00:39:22,2005-08-22 23:07:57,0.2438,26.53,Ronald Weiner
320,47.85,15,3.19,24.36727879799666,2005-06-15 06:21:30,2005-08-22 19:44:53,0.1863,14.48,Anthony Schwab
321,93.83,17,5.5194117647058825,24.36727879799666,2005-05-26 07:12:21,2005-08-23 16:56:14,0.2438,32.79,Kevin Schuler
322,81.81,19,4.305789473684211,24.36727879799666,2005-05-26 02:49:11,2005-08-23 10:23:48,0.2438,25.58,Jason Morrissey
323,91.75,25,3.67,24.36727879799666,2005-05-25 08:53:14,2005-08-23 11:30:32,0.2466,22.05,Matthew Mahan
324,95.78,22,4.3536363636363635,24.36727879799666,2005-05-28 09:10:49,2006-02-14 15:16:03,0.7178,76.15,Gary Coy
325,72.82000000000001,18,4.045555555555556,24.36727879799666,2005-05-25 21:42:46,2005-08-22 08:27:27,0.2411,23.77,Timothy Bunn
326,64.82000000000001,18,3.6011111111111114,24.36727879799666,2005-05-30 05:38:24,2005-08-19 01:38:18,0.2192,19.23,Jose Andrew
327,74.81,19,3.9373684210526316,24.36727879799666,2005-05-28 20:12:20,2006-02-14 15:16:03,0.7151,68.61,Larry Thrasher
328,65.83,17,3.8723529411764703,24.36727879799666,2005-05-30 03:09:11,2005-08-23 16:17:09,0.2329,21.98,Jeffrey Spear
329,98.77000000000001,23,4.294347826086957,24.36727879799666,2005-06-15 00:49:19,2005-08-22 19:54:31,0.1863,19.49,Frank Waggoner
330,60.82000000000001,18,3.3788888888888895,24.36727879799666,2005-05-29 02:44:43,2006-02-14 15:16:03,0.7151,58.88,Scott Shelley
331,105.78,22,4.808181818181819,24.36727879799666,2005-05-25 13:52:43,2005-08-23 03:30:51,0.2438,28.56,Eric Robert
332,107.74000000000001,26,4.143846153846154,24.36727879799666,2005-05-28 14:08:19,2005-08-22 16:37:36,0.2356,23.79,Stephen Qualls
333,89.78,22,4.080909090909091,24.36727879799666,2005-05-24 23:04:41,2005-08-22 19:59:42,0.2438,24.24,Andrew Purdy
334,108.75,25,4.35,24.36727879799666,2005-05-25 00:22:55,2006-02-14 15:16:03,0.726,76.95,Raymond Mcwhorter
335,73.78,22,3.3536363636363635,24.36727879799666,2005-06-21 09:20:31,2006-02-14 15:16:03,0.6521,53.29,Gregory Mauldin
336,93.78,22,4.262727272727273,24.36727879799666,2005-06-15 21:12:13,2006-02-14 15:16:03,0.6658,69.16,Joshua Mark
337,111.76,24,4.656666666666667,24.36727879799666,2005-05-27 08:26:30,2006-02-14 15:16:03,0.7205,81.76,Jerry Jordon
338,78.80000000000001,20,3.9400000000000004,24.36727879799666,2005-05-28 22:22:44,2005-08-22 15:26:29,0.2329,22.36,Dennis Gilman
339,95.76,24,3.99,24.36727879799666,2005-05-30 05:41:22,2005-08-21 23:24:52,0.2274,22.11,Walter Perryman
340,83.77000000000001,23,3.6421739130434787,24.36727879799666,2005-06-15 02:25:56,2005-08-22 22:25:17,0.1863,16.53,Patrick Newsom
341,103.78,22,4.717272727272728,24.36727879799666,2005-06-15 10:34:26,2005-08-23 18:43:31,0.189,21.73,Peter Menard
342,130.68,32,4.08375,24.36727879799666,2005-06-18 01:29:51,2005-08-23 17:09:31,0.1808,17.99,Harold Martino
343,106.77000000000001,23,4.642173913043479,24.36727879799666,2005-05-25 17:22:10,2005-08-23 20:04:41,0.2466,27.89,Douglas Graf
344,64.84,16,4.0525,24.36727879799666,2005-05-26 01:25:21,2005-08-22 16:55:26,0.2411,23.81,Henry Billingsley
345,104.79,21,4.99,24.36727879799666,2005-05-26 08:01:54,2005-08-23 04:28:25,0.2411,29.32,Carl Artis
346,145.70000000000002,30,4.856666666666667,24.36727879799666,2005-05-25 09:32:03,2005-08-23 15:15:19,0.2466,29.18,Arthur Simpkins
347,142.70000000000002,30,4.756666666666667,24.36727879799666,2005-06-16 14:11:52,2005-08-23 04:51:52,0.1836,21.28,Ryan Salisbury
348,144.66,34,4.254705882352941,24.36727879799666,2005-05-26 00:47:47,2005-08-23 18:50:54,0.2438,25.28,Roger Quintanilla
349,133.72,28,4.775714285714286,24.36727879799666,2005-05-30 07:43:04,2006-02-14 15:16:03,0.7123,82.89,Joe Gilliland
350,63.790000000000006,21,3.037619047619048,24.36727879799666,2005-05-25 02:53:02,2005-08-23 14:35:10,0.2466,18.25,Juan Fraley
351,87.77000000000001,23,3.8160869565217395,24.36727879799666,2005-05-31 19:20:14,2005-08-23 13:01:43,0.2274,21.15,Jack Foust
352,96.78,22,4.399090909090909,24.36727879799666,2005-05-29 14:44:22,2006-02-14 15:16:03,0.7151,76.65,Albert Crouse
353,65.83,17,3.8723529411764703,24.36727879799666,2005-05-31 14:24:18,2005-08-23 09:23:08,0.2274,21.46,Jonathan Scarborough
354,125.67,33,3.808181818181818,24.36727879799666,2005-05-25 23:34:22,2006-02-14 15:16:03,0.7233,67.12,Justin Ngo
355,68.81,19,3.621578947368421,24.36727879799666,2005-05-31 15:22:51,2006-02-14 15:16:03,0.7068,62.37,Terry Grissom
356,116.71000000000001,29,4.02448275862069,24.36727879799666,2005-05-31 11:35:13,2005-08-23 12:47:16,0.2301,22.56,Gerald Fultz
357,80.77000000000001,23,3.511739130434783,24.36727879799666,2005-05-25 23:49:56,2005-08-23 16:22:20,0.2438,20.86,Keith Rico
358,75.8,20,3.79,24.36727879799666,2005-05-30 02:10:32,2005-08-20 20:16:35,0.2247,20.75,Samuel Marlow
359,85.78,22,3.899090909090909,24.36727879799666,2005-05-26 19:21:44,2006-02-14 15:16:03,0.7205,68.45,Willie Markham
360,144.68,32,4.52125,24.36727879799666,2005-05-28 17:37:59,2005-08-22 19:56:41,0.2356,25.96,Ralph Madrigal
361,89.71000000000001,29,3.093448275862069,24.36727879799666,2005-05-27 07:42:29,2006-02-14 15:16:03,0.7205,54.31,Lawrence Lawton
362,140.69,31,4.538387096774193,24.36727879799666,2005-05-31 05:01:09,2005-08-22 06:17:12,0.2274,25.15,Nicholas Barfield
363,139.72,28,4.99,24.36727879799666,2005-05-29 07:35:21,2005-08-22 20:44:55,0.2329,28.32,Roy Whiting
364,89.78,22,4.080909090909091,24.36727879799666,2005-05-27 20:10:36,2005-08-22 17:48:10,0.2356,23.43,Benjamin Varney
365,92.79,21,4.418571428571429,24.36727879799666,2005-05-25 19:37:47,2005-08-21 12:51:49,0.2384,25.67,Bruce Schwarz
366,145.64000000000001,36,4.045555555555556,24.36727879799666,2005-05-30 10:50:22,2006-02-14 15:16:03,0.7123,70.22,Brandon Huey
367,97.80000000000001,20,4.890000000000001,24.36727879799666,2005-05-30 14:49:34,2005-08-21 13:41:14,0.2247,26.77,Adam Gooch
368,139.69,31,4.506129032258064,24.36727879799666,2005-05-25 09:21:29,2005-08-23 00:31:09,0.2438,26.77,Harry Arce
369,69.79,21,3.3233333333333337,24.36727879799666,2005-05-25 04:05:17,2006-02-14 15:16:03,0.726,58.79,Fred Wheat
370,70.81,19,3.726842105263158,24.36727879799666,2005-06-15 01:05:32,2005-08-23 20:13:31,0.189,17.16,Wayne Truong
371,123.71000000000001,29,4.265862068965517,24.36727879799666,2005-05-25 03:36:50,2005-08-23 15:09:17,0.2466,25.63,Billy Poulin
372,152.68,32,4.77125,24.36727879799666,2005-05-28 15:49:14,2005-08-23 05:08:58,0.2356,27.39,Steve Mackenzie
373,156.66,34,4.607647058823529,24.36727879799666,2005-05-26 15:27:05,2006-02-14 15:16:03,0.7205,80.89,Louis Leone
374,98.75,25,3.95,24.36727879799666,2005-05-28 03:32:22,2006-02-14 15:16:03,0.7178,69.09,Jeremy Hurtado
375,88.8,20,4.4399999999999995,24.36727879799666,2005-05-26 21:48:13,2005-08-23 02:46:13,0.2411,26.08,Aaron Selby
376,109.73,27,4.064074074074075,24.36727879799666,2005-05-28 08:23:16,2005-08-22 22:30:50,0.2356,23.33,Randy Gaither
377,93.74000000000001,26,3.6053846153846156,24.36727879799666,2005-06-19 03:07:32,2005-08-23 20:44:10,0.1781,15.65,Howard Fortner
378,70.82000000000001,18,3.934444444444445,24.36727879799666,2005-05-27 04:40:33,2005-08-22 06:52:49,0.2384,22.86,Eugene Culpepper
379,96.79,21,4.60904761904762,24.36727879799666,2005-05-26 08:14:01,2005-08-23 18:26:51,0.2438,27.38,Carlos Coughlin
380,132.65,35,3.79,24.36727879799666,2005-05-30 01:18:15,2005-08-23 12:33:00,0.2329,21.51,Russell Brinson
381,99.68,32,3.115,24.36727879799666,2005-05-26 03:09:30,2005-08-23 12:29:24,0.2438,18.51,Bobby Boudreau
382,85.78,22,3.899090909090909,24.36727879799666,2005-05-27 06:32:30,2005-08-23 18:44:21,0.2411,22.91,Victor Barkley
383,93.75,25,3.75,24.36727879799666,2005-05-25 09:19:16,2005-08-23 16:44:25,0.2466,22.53,Martin Bales
384,77.79,21,3.7042857142857146,24.36727879799666,2005-05-25 17:30:42,2005-08-22 20:20:04,0.2438,22.01,Ernest Stepp
385,93.76,24,3.9066666666666667,24.36727879799666,2005-05-30 11:27:06,2005-08-23 02:06:01,0.2301,21.9,Phillip Holm
386,109.72,28,3.9185714285714286,24.36727879799666,2005-05-28 11:48:55,2005-08-23 19:06:04,0.2384,22.76,Todd Tan
387,79.78,22,3.6263636363636365,24.36727879799666,2005-05-26 21:13:46,2005-08-22 07:16:36,0.2384,21.07,Jesse Schilling
388,114.72,28,4.097142857142857,24.36727879799666,2005-05-25 01:59:46,2006-02-14 15:16:03,0.726,72.48,Craig Morrell
389,119.75,25,4.79,24.36727879799666,2005-05-31 00:16:57,2005-08-23 21:11:33,0.2301,26.86,Alan Kahn
390,142.69,31,4.602903225806451,24.36727879799666,2005-05-26 14:43:48,2005-08-22 22:21:35,0.2411,27.04,Shawn Heaton
391,79.75,25,3.19,24.36727879799666,2005-05-25 11:00:07,2005-08-21 09:55:47,0.2384,18.53,Clarence Gamez
392,91.77000000000001,23,3.9900000000000007,24.36727879799666,2005-06-16 00:38:07,2005-08-21 11:51:10,0.1808,17.58,Sean Douglass
393,115.71000000000001,29,3.99,24.36727879799666,2005-05-28 14:05:57,2005-08-23 22:50:12,0.2384,23.18,Philip Causey
394,77.8,20,3.8899999999999997,24.36727879799666,2005-05-26 08:44:08,2006-02-14 15:16:03,0.7233,68.56,Chris Brothers
395,57.81,19,3.0426315789473684,24.36727879799666,2005-06-15 07:30:22,2005-08-23 19:54:24,0.189,14.01,Johnny Turpin
396,105.74000000000001,26,4.066923076923077,24.36727879799666,2005-05-28 18:45:47,2005-08-22 16:15:33,0.2329,23.08,Earl Shanks
397,104.72,28,3.7399999999999998,24.36727879799666,2005-05-31 00:47:56,2005-08-22 11:17:37,0.2274,20.72,Jimmy Schrader
398,73.85000000000001,15,4.923333333333334,24.36727879799666,2005-05-27 23:51:12,2005-08-22 15:56:42,0.2356,28.26,Antonio Meek
399,73.82000000000001,18,4.101111111111112,24.36727879799666,2005-05-25 00:02:21,2005-08-23 01:25:30,0.2466,24.64,Danny Isom
400,105.76,24,4.406666666666667,24.36727879799666,2005-05-25 16:12:52,2005-08-23 20:23:08,0.2466,26.48,Bryan Hardison
401,62.81,19,3.305789473684211,24.36727879799666,2005-05-26 02:50:31,2005-08-23 18:23:11,0.2438,19.64,Tony Carranza
402,77.81,19,4.095263157894737,24.36727879799666,2005-05-29 17:35:50,2005-08-23 00:11:52,0.2329,23.24,Luis Yanez
403,162.67000000000002,33,4.92939393939394,24.36727879799666,2005-05-27 18:12:13,2005-08-22 23:27:43,0.2384,28.64,Mike Way
404,133.71,29,4.610689655172414,24.36727879799666,2005-05-31 10:56:32,2005-08-22 19:28:02,0.2274,25.55,Stanley Scroggins
405,101.7,30,3.39,24.36727879799666,2005-05-25 19:41:29,2006-02-14 15:16:03,0.7233,59.75,Leonard Schofield
406,121.69,31,3.9254838709677418,24.36727879799666,2005-05-30 02:00:28,2005-08-21 17:45:52,0.2274,21.75,Nathan Runyon
407,104.74000000000001,26,4.0284615384615385,24.36727879799666,2005-05-28 15:52:26,2005-08-22 20:44:35,0.2356,23.13,Dale Ratcliff
408,103.73,27,3.841851851851852,24.36727879799666,2005-05-24 23:03:39,2005-08-23 13:06:19,0.2466,23.09,Manuel Murrell
409,97.78,22,4.444545454545454,24.36727879799666,2005-05-26 22:41:07,2005-08-21 20:49:21,0.2356,25.52,Rodney Moeller
410,167.62,38,4.411052631578947,24.36727879799666,2005-06-15 22:57:34,2006-02-14 15:16:03,0.6658,71.56,Curtis Irby
411,73.76,24,3.0733333333333337,24.36727879799666,2005-05-29 00:27:10,2006-02-14 15:16:03,0.7151,53.55,Norman Currier
412,74.83,17,4.401764705882353,24.36727879799666,2005-05-26 06:14:06,2006-02-14 15:16:03,0.7233,77.58,Allen Butterfield
413,65.81,19,3.4636842105263157,24.36727879799666,2005-05-25 05:09:04,2005-08-23 09:23:45,0.2466,20.81,Marvin Yee
414,96.77000000000001,23,4.207391304347826,24.36727879799666,2005-05-25 13:05:34,2005-08-23 01:59:14,0.2438,25.0,Vincent Ralston
415,88.78,22,4.035454545454545,24.36727879799666,2005-05-28 21:38:39,2005-08-23 19:27:04,0.2356,23.17,Glenn Pullen
416,113.72,28,4.061428571428571,24.36727879799666,2005-05-26 14:43:14,2005-08-23 12:55:51,0.2411,23.86,Jeffery Pinson
417,91.78,22,4.171818181818182,24.36727879799666,2005-05-26 16:16:21,2006-02-14 15:16:03,0.7205,73.24,Travis Estep
418,107.7,30,3.5900000000000003,24.36727879799666,2005-06-19 20:32:19,2005-08-23 19:21:22,0.1753,15.33,Jeff East
419,86.76,24,3.615,24.36727879799666,2005-05-25 09:18:52,2005-08-23 13:33:46,0.2466,21.72,Chad Carbone
420,74.8,20,3.7399999999999998,24.36727879799666,2005-05-29 09:13:08,2005-08-23 06:21:20,0.2329,21.23,Jacob Lance
421,117.75,25,4.71,24.36727879799666,2005-05-28 02:31:19,2006-02-14 15:16:03,0.7178,82.38,Lee Hawks
422,96.75,25,3.87,24.36727879799666,2005-05-27 12:44:03,2006-02-14 15:16:03,0.7205,67.94,Melvin Ellington
423,120.74000000000001,26,4.643846153846154,24.36727879799666,2005-06-15 22:08:06,2005-08-23 12:46:38,0.1863,21.08,Alfred Casillas
424,109.71000000000001,29,3.7831034482758623,24.36727879799666,2005-05-27 13:28:52,2006-02-14 15:16:03,0.7205,66.42,Kyle Spurlock
425,98.75,25,3.95,24.36727879799666,2005-05-31 13:51:48,2005-08-23 22:12:44,0.2301,22.15,Francis Sikes
426,125.74000000000001,26,4.836153846153847,24.36727879799666,2005-05-28 14:37:07,2005-08-22 01:32:14,0.2329,27.45,Bradley Motley
427,107.77000000000001,23,4.685652173913044,24.36727879799666,2005-05-25 12:17:46,2005-08-22 20:35:30,0.2438,27.84,Jesus Mccartney
428,73.81,19,3.8847368421052635,24.36727879799666,2005-05-28 17:40:35,2005-08-17 00:40:03,0.2192,20.75,Herbert Kruger
429,78.84,16,4.9275,24.36727879799666,2005-05-26 00:28:39,2005-08-21 14:04:39,0.2384,28.62,Frederick Isbell
430,71.8,20,3.59,24.36727879799666,2005-05-25 04:01:32,2005-08-22 09:11:48,0.2438,21.33,Ray Houle
431,92.78,22,4.217272727272728,24.36727879799666,2005-05-31 17:27:45,2006-02-14 15:16:03,0.7068,72.63,Joel Francisco
432,93.80000000000001,20,4.69,24.36727879799666,2005-05-27 01:10:11,2005-08-23 10:56:15,0.2411,27.55,Edwin Burk
433,113.77000000000001,23,4.946521739130435,24.36727879799666,2005-05-26 00:07:11,2005-08-23 02:40:04,0.2438,29.39,Don Bone
434,122.74000000000001,26,4.720769230769231,24.36727879799666,2005-05-28 02:40:50,2005-08-22 22:37:34,0.2356,27.1,Eddie Tomlin
435,78.77000000000001,23,3.4247826086956525,24.36727879799666,2005-05-29 10:29:47,2005-08-22 13:19:25,0.2329,19.44,Ricky Shelby
436,126.73,27,4.6937037037037035,24.36727879799666,2005-05-25 05:59:39,2005-08-23 13:10:16,0.2466,28.2,Troy Quigley
437,85.80000000000001,20,4.290000000000001,24.36727879799666,2005-05-26 06:20:37,2005-08-22 07:52:18,0.2411,25.2,Randall Neumann
438,121.7,30,4.056666666666667,24.36727879799666,2005-05-25 02:40:21,2006-02-14 15:16:03,0.726,71.77,Barry Lovelace
439,137.67000000000002,33,4.171818181818182,24.36727879799666,2005-05-25 21:07:59,2005-08-23 21:27:35,0.2466,25.07,Alexander Fennell
440,83.79,21,3.99,24.36727879799666,2005-05-30 17:53:29,2006-02-14 15:16:03,0.7096,68.99,Bernard Colby
441,107.73,27,3.99,24.36727879799666,2005-05-29 21:39:37,2006-02-14 15:16:03,0.7123,69.25,Mario Cheatham
442,104.71000000000001,29,3.610689655172414,24.36727879799666,2005-05-27 20:57:07,2005-08-22 16:35:25,0.2356,20.73,Leroy Bustamante
443,93.79,21,4.4661904761904765,24.36727879799666,2005-05-31 09:32:15,2005-08-23 03:23:32,0.2274,24.75,Francisco Skidmore
444,105.72,28,3.775714285714286,24.36727879799666,2005-05-26 07:13:45,2005-08-23 14:55:47,0.2438,22.43,Marcus Hidalgo
445,96.76,24,4.031666666666667,24.36727879799666,2005-05-27 22:49:27,2005-08-23 17:36:00,0.2384,23.42,Micheal Forman
446,109.72,28,3.9185714285714286,24.36727879799666,2005-05-25 00:31:15,2005-08-23 19:10:32,0.2466,23.55,Theodore Culp
447,109.73,27,4.064074074074075,24.36727879799666,2005-05-27 20:08:55,2005-08-23 21:59:57,0.2411,23.88,Clifford Bowens
448,127.73,27,4.730740740740741,24.36727879799666,2005-05-26 20:55:36,2006-02-14 15:16:03,0.7205,83.06,Miguel Betancourt
449,80.83,17,4.754705882352941,24.36727879799666,2005-05-26 15:47:40,2005-08-22 06:37:43,0.2384,27.62,Oscar Aquino
450,85.75,25,3.43,24.36727879799666,2005-05-28 07:34:56,2006-02-14 15:16:03,0.7178,59.99,Jay Robb
451,121.7,30,4.056666666666667,24.36727879799666,2005-05-25 11:31:59,2005-08-23 08:31:49,0.2438,24.1,Jim Rea
452,99.71000000000001,29,3.438275862068966,24.36727879799666,2005-05-27 06:12:26,2006-02-14 15:16:03,0.7205,60.36,Tom Milner
453,111.77000000000001,23,4.859565217391305,24.36727879799666,2005-06-19 23:08:50,2005-08-23 07:25:38,0.1753,20.76,Calvin Martel
454,143.68,32,4.49,24.36727879799666,2005-05-29 08:08:13,2005-08-23 06:55:26,0.2329,25.48,Alex Gresham
455,85.78,22,3.899090909090909,24.36727879799666,2005-05-25 19:13:25,2005-08-23 02:25:09,0.2438,23.16,Jon Wiles
456,95.76,24,3.99,24.36727879799666,2005-05-25 01:17:24,2005-08-23 17:43:16,0.2466,23.98,Ronnie Ricketts
457,106.73,27,3.952962962962963,24.36727879799666,2005-05-31 03:30:19,2006-02-14 15:16:03,0.7096,68.35,Bill Gavin
458,66.81,19,3.5163157894736843,24.36727879799666,2005-06-19 08:42:12,2005-08-23 06:44:19,0.1753,15.02,Lloyd Dowd
459,183.63,37,4.962972972972973,24.36727879799666,2005-05-24 22:54:33,2005-08-23 14:52:50,0.2466,29.82,Tommy Collazo
460,97.79,21,4.656666666666667,24.36727879799666,2005-05-26 10:15:23,2005-08-23 19:14:07,0.2438,27.66,Leon Bostic
461,90.73,27,3.3603703703703705,24.36727879799666,2005-05-29 00:13:15,2005-08-23 07:03:19,0.2356,19.29,Derek Blakely
462,152.69,31,4.925483870967742,24.36727879799666,2005-05-26 01:19:05,2005-08-23 21:17:17,0.2438,29.26,Warren Sherrod
463,89.76,24,3.74,24.36727879799666,2005-05-28 08:53:02,2005-08-22 14:23:11,0.2356,21.47,Darrell Power
464,67.86,14,4.847142857142857,24.36727879799666,2005-05-26 21:22:07,2005-08-23 20:13:38,0.2411,28.48,Jerome Kenyon
465,68.84,16,4.3025,24.36727879799666,2005-05-28 18:43:26,2005-08-23 16:08:15,0.2356,24.7,Floyd Gandy
466,101.78,22,4.626363636363636,24.36727879799666,2005-05-31 14:30:01,2005-08-23 21:00:22,0.2301,25.94,Leo Ebert
467,134.72,28,4.811428571428571,24.36727879799666,2005-05-26 10:27:50,2005-08-23 15:19:15,0.2438,28.58,Alvin Deloach
468,154.66,34,4.548823529411765,24.36727879799666,2005-05-25 17:17:04,2005-08-23 22:24:39,0.2466,27.33,Tim Cary
469,158.65,35,4.532857142857143,24.36727879799666,2005-05-26 03:07:43,2005-08-23 15:46:33,0.2438,26.93,Wesley Bull
470,157.69,31,5.086774193548387,24.36727879799666,2005-05-25 08:58:25,2005-08-21 10:45:01,0.2411,29.88,Gordon Allard
471,106.74000000000001,26,4.105384615384616,24.36727879799666,2005-05-28 15:45:39,2005-08-23 08:34:53,0.2356,23.57,Dean Sauer
472,131.74,26,5.066923076923077,24.36727879799666,2005-05-25 23:43:47,2006-02-14 15:16:03,0.7233,89.3,Greg Robins
473,122.69000000000001,31,3.957741935483871,24.36727879799666,2005-05-27 04:50:56,2005-08-23 21:46:47,0.2411,23.25,Jorge Olivares
474,92.75,25,3.71,24.36727879799666,2005-05-29 20:26:39,2006-02-14 15:16:03,0.7123,64.39,Dustin Gillette
475,97.78,22,4.444545454545454,24.36727879799666,2005-05-27 15:07:27,2005-08-22 19:23:58,0.2384,25.82,Pedro Chestnut
476,87.8,20,4.39,24.36727879799666,2005-05-28 00:09:12,2006-02-14 15:16:03,0.7178,76.78,Derrick Bourque
477,106.79,21,5.085238095238095,24.36727879799666,2005-05-30 06:16:06,2005-08-23 18:23:30,0.2329,28.86,Dan Paine
478,86.81,19,4.568947368421052,24.36727879799666,2005-06-16 14:08:44,2005-08-23 11:22:09,0.1836,20.44,Lewis Lyman
479,134.71,29,4.645172413793103,24.36727879799666,2005-05-25 21:46:54,2006-02-14 15:16:03,0.7233,81.87,Zachary Hite
480,83.81,19,4.411052631578947,24.36727879799666,2005-05-28 03:18:02,2005-08-23 05:38:41,0.2384,25.62,Corey Hauser
481,109.72,28,3.9185714285714286,24.36727879799666,2005-05-31 15:12:15,2005-08-21 17:15:33,0.2247,21.46,Herman Devore
482,125.74000000000001,26,4.836153846153847,24.36727879799666,2005-05-26 15:32:46,2005-08-23 16:42:53,0.2438,28.73,Maurice Crawley
483,81.83,17,4.813529411764706,24.36727879799666,2005-05-29 08:36:30,2005-08-19 03:10:21,0.2219,26.03,Vernon Chapa
484,128.73000000000002,27,4.767777777777779,24.36727879799666,2005-05-25 04:24:36,2005-08-23 21:49:22,0.2466,28.65,Roberto Vu
485,112.72,28,4.025714285714286,24.36727879799666,2005-05-31 01:47:35,2005-08-19 09:36:28,0.2192,21.5,Clyde Tobias
486,100.77000000000001,23,4.381304347826087,24.36727879799666,2005-05-30 10:43:38,2005-08-21 06:44:37,0.2247,23.99,Glen Talbert
487,119.74000000000001,26,4.605384615384616,24.36727879799666,2005-06-20 16:47:57,2005-08-23 08:59:12,0.1726,19.37,Hector Poindexter
488,95.78,22,4.3536363636363635,24.36727879799666,2005-06-16 09:51:39,2005-08-23 02:37:19,0.1836,19.48,Shane Millard
489,91.81,19,4.832105263157895,24.36727879799666,2005-05-26 09:41:45,2005-08-23 20:12:17,0.2438,28.71,Ricardo Meador
490,105.78,22,4.808181818181819,24.36727879799666,2005-05-28 11:50:45,2005-08-23 00:55:24,0.2356,27.6,Sam Mcduffie
491,120.75,25,4.83,24.36727879799666,2005-05-27 23:26:45,2005-08-23 09:41:28,0.2384,28.06,Rick Mattox
492,62.85,15,4.19,24.36727879799666,2005-05-25 12:36:30,2005-08-23 19:22:36,0.2466,25.18,Lester Kraus
493,104.78,22,4.762727272727273,24.36727879799666,2005-05-28 06:43:34,2006-02-14 15:16:03,0.7178,83.3,Brent Harkins
494,135.70000000000002,30,4.523333333333334,24.36727879799666,2005-05-28 15:03:44,2005-08-22 19:28:04,0.2356,25.97,Ramon Choate
495,110.76,24,4.615,24.36727879799666,2005-05-28 16:01:28,2006-02-14 15:16:03,0.7151,80.42,Charlie Bess
496,82.81,19,4.358421052631579,24.36727879799666,2005-05-27 00:47:35,2006-02-14 15:16:03,0.7205,76.52,Tyler Wren
497,121.73,27,4.508518518518518,24.36727879799666,2005-05-31 14:03:21,2006-02-14 15:16:03,0.7096,77.96,Gilbert Sledge
498,82.76,24,3.4483333333333337,24.36727879799666,2005-05-25 06:39:35,2005-08-19 03:46:43,0.2329,19.57,Gene Sanborn
499,120.71000000000001,29,4.162413793103449,24.36727879799666,2005-05-25 14:28:29,2005-08-23 06:00:28,0.2438,24.73,Marc Outlaw
500,96.75,25,3.87,24.36727879799666,2005-05-25 18:57:24,2005-08-23 15:54:20,0.2438,22.99,Reginald Kinder
501,86.81,19,4.568947368421052,24.36727879799666,2005-05-28 00:34:11,2005-08-23 10:20:35,0.2384,26.54,Ruben Geary
502,130.70000000000002,30,4.356666666666667,24.36727879799666,2005-05-26 15:28:14,2005-08-23 22:06:34,0.2438,25.88,Brett Cornwell
503,99.72,28,3.5614285714285714,24.36727879799666,2005-05-25 18:40:20,2005-08-23 14:13:47,0.2438,21.16,Angel Barclay
504,117.75,25,4.71,24.36727879799666,2005-05-25 22:02:30,2005-08-23 21:44:27,0.2438,27.98,Nathaniel Adam
505,91.81,19,4.832105263157895,24.36727879799666,2005-05-26 01:34:28,2006-02-14 15:16:03,0.7233,85.17,Rafael Abney
506,123.72,28,4.418571428571428,24.36727879799666,2005-05-25 19:12:42,2005-08-23 10:02:46,0.2438,26.25,Leslie Seward
507,89.77000000000001,23,3.90304347826087,24.36727879799666,2005-05-25 06:51:29,2005-08-22 23:04:21,0.2438,23.19,Edgar Rhoads
508,121.77000000000001,23,5.294347826086957,24.36727879799666,2005-05-27 07:46:49,2006-02-14 15:16:03,0.7205,92.95,Milton Howland
509,86.82000000000001,18,4.823333333333334,24.36727879799666,2005-05-25 02:19:23,2005-08-23 19:46:39,0.2466,28.98,Raul Fortier
510,102.77000000000001,23,4.468260869565218,24.36727879799666,2005-05-25 11:13:34,2005-08-22 10:46:44,0.2411,26.25,Ben Easter
511,92.78,22,4.217272727272728,24.36727879799666,2005-05-25 08:28:11,2005-08-22 15:25:33,0.2438,25.05,Chester Benner
512,115.74000000000001,26,4.451538461538462,24.36727879799666,2005-06-15 00:28:37,2006-02-14 15:16:03,0.6685,72.51,Cecil Vines
513,143.70000000000002,30,4.790000000000001,24.36727879799666,2005-05-30 23:54:19,2005-08-23 04:20:16,0.2301,26.86,Duane Tubbs
514,69.79,21,3.3233333333333337,24.36727879799666,2005-05-28 06:17:33,2005-08-23 13:26:01,0.2384,19.31,Franklin Troutman
515,110.74000000000001,26,4.259230769230769,24.36727879799666,2005-05-26 05:42:37,2005-08-22 18:55:52,0.2411,25.02,Andre Rapp
516,92.76,24,3.865,24.36727879799666,2005-05-27 03:47:18,2006-02-14 15:16:03,0.7205,67.86,Elmer Noe
517,100.76,24,4.198333333333333,24.36727879799666,2005-05-30 01:35:12,2005-08-23 04:55:05,0.2329,23.83,Brad Mccurdy
518,108.75,25,4.35,24.36727879799666,2005-05-29 03:48:36,2005-08-23 00:28:16,0.2329,24.69,Gabriel Harder
519,99.78,22,4.535454545454545,24.36727879799666,2005-05-31 07:48:07,2005-08-22 21:12:19,0.2274,25.13,Ron Deluca
520,127.69000000000001,31,4.119032258064516,24.36727879799666,2005-05-30 18:45:17,2005-08-23 18:59:33,0.2329,23.38,Mitchell Westmoreland
521,80.77000000000001,23,3.511739130434783,24.36727879799666,2005-06-16 17:49:57,2006-02-14 15:16:03,0.663,56.73,Roland South
522,161.68,32,5.0525,24.36727879799666,2005-05-27 15:56:57,2005-08-23 18:06:54,0.2411,29.68,Arnold Havens
523,87.80000000000001,20,4.390000000000001,24.36727879799666,2005-05-25 05:24:58,2005-08-22 09:41:09,0.2438,26.08,Harvey Guajardo
524,81.83,17,4.813529411764706,24.36727879799666,2005-05-25 19:31:18,2005-08-22 16:33:39,0.2411,28.28,Jared Ely
525,68.82000000000001,18,3.8233333333333337,24.36727879799666,2005-05-27 17:47:22,2006-02-14 15:16:03,0.7178,66.87,Adrian Clary
526,208.58,42,4.9661904761904765,24.36727879799666,2005-05-28 00:40:48,2005-08-23 22:21:03,0.2384,28.85,Karl Seal
527,81.76,24,3.4066666666666667,24.36727879799666,2005-06-15 16:28:42,2006-02-14 15:16:03,0.6658,55.27,Cory Meehan
528,93.80000000000001,20,4.69,24.36727879799666,2005-05-26 07:30:37,2005-08-23 16:43:54,0.2438,27.86,Claude Herzog
529,115.72,28,4.132857142857143,24.36727879799666,2005-05-27 19:31:16,2005-08-22 19:46:05,0.2384,24.01,Erik Guillen
530,75.78,22,3.444545454545455,24.36727879799666,2005-05-30 01:35:15,2006-02-14 15:16:03,0.7123,59.79,Darryl Ashcraft
531,110.77000000000001,23,4.8160869565217395,24.36727879799666,2005-05-26 11:43:44,2005-08-22 21:36:51,0.2411,28.29,Jamie Waugh
532,149.69,31,4.828709677419355,24.36727879799666,2005-05-25 05:39:25,2006-02-14 15:16:03,0.726,85.42,Neil Renner
533,132.70000000000002,30,4.423333333333334,24.36727879799666,2005-05-26 03:42:10,2006-02-14 15:16:03,0.7233,77.96,Jessie Milam
534,81.78,22,3.7172727272727273,24.36727879799666,2005-05-26 21:21:28,2006-02-14 15:16:03,0.7205,65.26,Christian Jung
535,122.72,28,4.382857142857143,24.36727879799666,2005-05-25 04:44:31,2005-08-23 21:27:11,0.2466,26.34,Javier Elrod
536,109.77000000000001,23,4.772608695652174,24.36727879799666,2005-05-26 12:15:13,2005-08-23 20:08:26,0.2438,28.35,Fernando Churchill
537,98.76,24,4.115,24.36727879799666,2005-05-28 14:27:51,2006-02-14 15:16:03,0.7178,71.97,Clinton Buford
538,109.73,27,4.064074074074075,24.36727879799666,2005-05-28 13:41:56,2005-08-22 21:01:25,0.2356,23.33,Ted Breaux
539,84.80000000000001,20,4.24,24.36727879799666,2005-05-26 14:30:24,2005-08-22 21:24:19,0.2411,24.91,Mathew Bolin
540,112.76,24,4.698333333333333,24.36727879799666,2005-06-15 06:56:39,2005-08-23 19:13:46,0.189,21.64,Tyrone Asher
541,95.78,22,4.3536363636363635,24.36727879799666,2005-05-31 03:16:15,2005-08-23 18:08:59,0.2301,24.41,Darren Windham
542,84.84,16,5.3025,24.36727879799666,2005-05-26 10:06:49,2005-08-22 07:20:55,0.2384,30.8,Lonnie Tirado
543,73.8,20,3.69,24.36727879799666,2005-05-26 13:06:05,2005-08-23 13:46:27,0.2438,21.92,Lance Pemberton
544,92.80000000000001,20,4.640000000000001,24.36727879799666,2005-05-27 12:29:02,2005-08-23 06:48:47,0.2384,26.95,Cody Nolen
545,84.81,19,4.463684210526316,24.36727879799666,2005-05-26 14:07:58,2005-08-23 20:41:09,0.2438,26.52,Julio Noland
546,94.76,24,3.9483333333333337,24.36727879799666,2005-05-26 06:59:21,2005-08-23 05:13:09,0.2411,23.2,Kelly Knott
547,87.80000000000001,20,4.390000000000001,24.36727879799666,2005-05-26 21:31:57,2005-08-22 03:57:08,0.2384,25.5,Kurt Emmons
548,63.84,16,3.99,24.36727879799666,2005-05-26 04:14:29,2006-02-14 15:16:03,0.7233,70.32,Allan Cornish
549,62.84,16,3.9275,24.36727879799666,2005-05-24 23:08:07,2005-08-21 11:40:46,0.2411,23.07,Nelson Christenson
550,151.69,31,4.893225806451613,24.36727879799666,2005-05-30 11:55:55,2006-02-14 15:16:03,0.7123,84.93,Guy Brownlee
551,75.79,21,3.6090476190476193,24.36727879799666,2005-05-26 01:15:05,2005-08-22 22:57:25,0.2411,21.2,Clayton Barbee
552,89.80000000000001,20,4.49,24.36727879799666,2005-05-26 03:44:10,2005-08-23 10:21:21,0.2438,26.67,Hugh Waldrop
553,102.77000000000001,23,4.468260869565218,24.36727879799666,2005-05-29 16:17:07,2005-08-23 02:48:24,0.2329,25.36,Max Pitt
554,95.80000000000001,20,4.790000000000001,24.36727879799666,2005-05-28 15:02:41,2005-08-23 09:53:30,0.2356,27.5,Dwayne Olvera
555,74.83,17,4.401764705882353,24.36727879799666,2005-06-21 02:30:37,2005-08-22 11:58:58,0.1699,18.22,Dwight Lombardi
556,72.82000000000001,18,4.045555555555556,24.36727879799666,2005-05-26 05:29:49,2005-08-23 05:24:09,0.2411,23.77,Armando Gruber
557,63.78,22,2.899090909090909,24.36727879799666,2005-05-27 21:10:03,2006-02-14 15:16:03,0.7178,50.71,Felix Gaffney
558,135.72,28,4.847142857142857,24.36727879799666,2005-06-17 09:19:52,2005-08-21 06:53:53,0.1753,20.7,Jimmie Eggleston
559,110.72,28,3.954285714285714,24.36727879799666,2005-06-19 04:34:15,2005-08-23 16:33:33,0.1781,17.16,Everett Banda
560,129.71,29,4.472758620689655,24.36727879799666,2005-05-25 22:25:18,2006-02-14 15:16:03,0.7233,78.83,Jordan Archuleta
561,86.75,25,3.47,24.36727879799666,2005-05-30 09:53:36,2006-02-14 15:16:03,0.7123,60.23,Ian Still
562,97.78,22,4.444545454545454,24.36727879799666,2005-05-29 16:13:55,2005-08-23 17:16:30,0.2356,25.52,Wallace Slone
563,99.73,27,3.693703703703704,24.36727879799666,2005-05-29 10:31:56,2005-08-23 15:45:42,0.2356,21.21,Ken Prewitt
564,82.78,22,3.7627272727272727,24.36727879799666,2005-05-26 06:52:36,2005-08-22 10:22:00,0.2411,22.11,Bob Pfeiffer
565,118.73,27,4.397407407407408,24.36727879799666,2005-05-27 19:58:36,2005-08-23 16:50:43,0.2384,25.55,Jaime Nettles
566,130.68,32,4.08375,24.36727879799666,2005-05-26 11:47:20,2005-08-21 07:13:46,0.2356,23.44,Casey Mena
567,85.80000000000001,20,4.290000000000001,24.36727879799666,2005-06-19 12:58:53,2005-08-23 06:18:43,0.1753,18.33,Alfredo Mcadams
568,66.79,21,3.180476190476191,24.36727879799666,2005-06-16 10:07:10,2006-02-14 15:16:03,0.6658,51.6,Alberto Henning
569,113.73,27,4.2122222222222225,24.36727879799666,2005-05-25 07:19:16,2005-08-23 21:48:54,0.2466,25.31,Dave Gardiner
570,91.75,25,3.67,24.36727879799666,2005-05-31 08:21:43,2006-02-14 15:16:03,0.7096,63.46,Ivan Cromwell
571,107.78,22,4.899090909090909,24.36727879799666,2005-05-26 10:54:28,2005-08-23 15:35:59,0.2438,29.1,Johnnie Chisholm
572,100.76,24,4.198333333333333,24.36727879799666,2005-05-28 08:39:02,2005-08-20 08:59:38,0.2301,23.54,Sidney Burleson
573,117.72,28,4.204285714285715,24.36727879799666,2005-05-29 21:58:43,2005-08-19 11:27:20,0.2219,22.73,Byron Box
574,108.73,27,4.027037037037037,24.36727879799666,2005-05-27 16:40:40,2005-08-22 16:53:29,0.2384,23.39,Julian Vest
575,109.76,24,4.573333333333333,24.36727879799666,2005-05-25 01:06:36,2005-08-23 15:59:51,0.2466,27.48,Isaac Oglesby
576,135.68,32,4.24,24.36727879799666,2005-05-29 10:26:29,2006-02-14 15:16:03,0.7151,73.88,Morris Mccarter
577,111.74000000000001,26,4.297692307692308,24.36727879799666,2005-05-26 20:20:47,2005-08-23 20:47:28,0.2438,25.53,Clifton Malcolm
578,95.79,21,4.561428571428571,24.36727879799666,2005-05-28 20:53:31,2005-08-23 08:34:10,0.2356,26.19,Willard Lumpkin
579,111.73,27,4.138148148148148,24.36727879799666,2005-06-18 17:37:45,2006-02-14 15:16:03,0.6575,66.3,Daryl Larue
580,98.74000000000001,26,3.797692307692308,24.36727879799666,2005-05-28 15:18:18,2005-08-23 18:54:32,0.2384,22.06,Ross Grey
581,97.75,25,3.91,24.36727879799666,2005-05-30 21:11:19,2005-08-23 14:05:37,0.2301,21.92,Virgil Wofford
582,112.76,24,4.698333333333333,24.36727879799666,2005-05-26 18:49:35,2006-02-14 15:16:03,0.7205,82.49,Andy Vanhorn
583,117.77000000000001,23,5.1204347826086964,24.36727879799666,2005-06-15 18:19:30,2005-08-21 06:00:22,0.1808,22.56,Marshall Thorn
584,114.73,27,4.24925925925926,24.36727879799666,2005-05-27 09:25:32,2005-08-23 07:06:00,0.2384,24.68,Salvador Teel
585,117.76,24,4.906666666666667,24.36727879799666,2005-06-15 12:29:41,2006-02-14 15:16:03,0.6685,79.93,Perry Swafford
586,50.830000000000005,17,2.99,24.36727879799666,2005-05-25 22:48:22,2005-08-23 09:40:04,0.2438,17.76,Kirk Stclair
587,102.76,24,4.281666666666667,24.36727879799666,2005-05-26 04:47:06,2006-02-14 15:16:03,0.7233,75.46,Sergio Stanfield
588,107.73,27,3.99,24.36727879799666,2005-05-28 10:56:10,2005-08-22 16:37:32,0.2356,22.91,Marion Ocampo
589,118.75,25,4.75,24.36727879799666,2005-05-28 05:23:38,2005-08-23 20:28:32,0.2384,27.59,Tracy Herrmann
590,108.76,24,4.531666666666667,24.36727879799666,2005-05-28 14:15:54,2006-02-14 15:16:03,0.7178,79.26,Seth Hannon
591,134.73000000000002,27,4.990000000000001,24.36727879799666,2005-06-15 17:51:27,2005-08-20 15:05:42,0.1781,21.66,Kent Arsenault
592,111.71000000000001,29,3.8520689655172418,24.36727879799666,2005-06-14 23:12:46,2006-02-14 15:16:03,0.6685,62.75,Terrance Roush
593,101.76,24,4.24,24.36727879799666,2005-05-29 16:19:29,2005-08-21 19:35:59,0.2301,23.77,Rene Mcalister
594,108.77000000000001,23,4.7291304347826095,24.36727879799666,2005-05-26 22:56:19,2005-08-22 07:54:47,0.2384,27.47,Eduardo Hiatt
595,110.71000000000001,29,3.817586206896552,24.36727879799666,2005-05-28 15:27:22,2005-08-23 21:26:35,0.2384,22.18,Terrence Gunderson
596,73.78,22,3.3536363636363635,24.36727879799666,2005-05-26 21:16:52,2006-02-14 15:16:03,0.7205,58.88,Enrique Forsythe
597,87.77000000000001,23,3.8160869565217395,24.36727879799666,2005-05-25 04:19:28,2006-02-14 15:16:03,0.726,67.51,Freddie Duggan
598,83.78,22,3.808181818181818,24.36727879799666,2005-06-20 10:10:29,2005-08-23 00:44:15,0.1726,16.02,Wade Delvalle
599,78.82000000000001,18,4.3788888888888895,24.36727879799666,2005-05-31 01:18:56,2005-08-23 11:25:00,0.2301,24.55,Austin Cintron
